{
	"EchoTime1": 0.00519,
	"EchoTime2": 0.00765
}
